{
  "name": "myresume",
  "version": "1.0.0",
  "description": "Sistema de gerenciamento de usuários",
  "main": "app.js",
  "scripts": {
    "start": "node app.js",
    "dev": "nodemon app.js"
  },
  "dependencies": {
    "bcryptjs": "^2.4.3",
    "better-sqlite3": "^11.10.0",
    "ejs": "^3.1.9",
    "express": "^4.18.2",
    "express-session": "^1.17.3",
    "multer": "^1.4.5-lts.1",
    "mysql2": "^3.6.0",
    "nodemailer": "^6.9.7",
    "sqlite3": "^5.1.7"
  },
  "devDependencies": {
    "nodemon": "^3.0.1"
  }
}